{
    "dji fc300c 4000 3000 brown 0.5555": {
        "projection_type": "brown",
        "width": 4000,
        "height": 3000,
        "focal_x": 0.6673029904429186,
        "focal_y": 0.6673029904429186,
        "c_x": -0.012620333310155876,
        "c_y": 0.009740751252249925,
        "k1": -0.12612197494053148,
        "k2": 0.10117612823592202,
        "p1": -0.00041719101595964156,
        "p2": -0.0002573126811749681,
        "k3": -0.009883155067866215
    }
}